count_point_id,direction_of_travel,year,count_date,hour,region_id,region_name,region_ons_code,local_authority_id,local_authority_name,local_authority_code,road_name,road_category,road_type,start_junction_road_name,end_junction_road_name,easting,northing,latitude,longitude,link_length_km,link_length_miles,pedal_cycles,two_wheeled_motor_vehicles,cars_and_taxis,buses_and_coaches,LGVs,HGVs_2_rigid_axle,HGVs_3_rigid_axle,HGVs_4_or_more_rigid_axle,HGVs_3_or_4_articulated_axle,HGVs_5_articulated_axle,HGVs_6_articulated_axle,all_HGVs,all_motor_vehicles
56815,W,2003,2003-03-20,15,6,London,E12000007,145,Camden,E09000007,A501,PA,Major,A4200,A5202,530000,182765,51.5288408,-0.127309504,0.6,0.4,22,76,996,65,222,43,4,8,0,2,3,60,1419
56815,E,2003,2003-03-20,7,6,London,E12000007,145,Camden,E09000007,A501,PA,Major,A4200,A5202,530000,182765,51.5288408,-0.127309504,0.6,0.4,23,62,809,58,212,60,11,16,4,5,6,102,1243
56815,W,2003,2003-03-20,9,6,London,E12000007,145,Camden,E09000007,A501,PA,Major,A4200,A5202,530000,182765,51.5288408,-0.127309504,0.6,0.4,18,43,1066,44,308,36,3,2,6,2,2,51,1512
56815,E,2003,2003-03-20,11,6,London,E12000007,145,Camden,E09000007,A501,PA,Major,A4200,A5202,530000,182765,51.5288408,-0.127309504,0.6,0.4,14,80,961,69,267,64,3,4,5,5,2,83,1460
56815,W,2003,2003-03-20,16,6,London,E12000007,145,Camden,E09000007,A501,PA,Major,A4200,A5202,530000,182765,51.5288408,-0.127309504,0.6,0.4,25,86,778,77,214,33,4,2,1,0,1,41,1196
56815,W,2003,2003-03-20,17,6,London,E12000007,145,Camden,E09000007,A501,PA,Major,A4200,A5202,530000,182765,51.5288408,-0.127309504,0.6,0.4,21,80,710,68,138,22,2,0,1,1,2,28,1024
56815,E,2003,2003-03-20,15,6,London,E12000007,145,Camden,E09000007,A501,PA,Major,A4200,A5202,530000,182765,51.5288408,-0.127309504,0.6,0.4,31,91,978,63,215,86,3,10,6,4,2,111,1458
56815,E,2003,2003-03-20,9,6,London,E12000007,145,Camden,E09000007,A501,PA,Major,A4200,A5202,530000,182765,51.5288408,-0.127309504,0.6,0.4,34,117,986,83,183,73,9,5,5,7,4,103,1472
56815,E,2003,2003-03-20,18,6,London,E12000007,145,Camden,E09000007,A501,PA,Major,A4200,A5202,530000,182765,51.5288408,-0.127309504,0.6,0.4,87,134,1116,112,162,65,11,11,4,2,4,97,1621
56815,E,2003,2003-03-20,13,6,London,E12000007,145,Camden,E09000007,A501,PA,Major,A4200,A5202,530000,182765,51.5288408,-0.127309504,0.6,0.4,24,79,976,58,239,68,1,8,8,4,1,90,1442
56815,E,2003,2003-03-20,10,6,London,E12000007,145,Camden,E09000007,A501,PA,Major,A4200,A5202,530000,182765,51.5288408,-0.127309504,0.6,0.4,15,69,971,74,216,55,14,8,1,5,1,84,1414
56815,W,2003,2003-03-20,10,6,London,E12000007,145,Camden,E09000007,A501,PA,Major,A4200,A5202,530000,182765,51.5288408,-0.127309504,0.6,0.4,10,59,1143,69,322,37,10,7,3,4,3,64,1657
56815,E,2003,2003-03-20,12,6,London,E12000007,145,Camden,E09000007,A501,PA,Major,A4200,A5202,530000,182765,51.5288408,-0.127309504,0.6,0.4,26,94,1053,60,267,58,1,7,1,2,6,75,1549
56815,W,2003,2003-03-20,7,6,London,E12000007,145,Camden,E09000007,A501,PA,Major,A4200,A5202,530000,182765,51.5288408,-0.127309504,0.6,0.4,8,38,1138,51,324,48,3,9,5,1,8,74,1625
56815,W,2003,2003-03-20,8,6,London,E12000007,145,Camden,E09000007,A501,PA,Major,A4200,A5202,530000,182765,51.5288408,-0.127309504,0.6,0.4,30,71,1170,49,252,44,6,5,2,2,0,59,1601
56815,E,2003,2003-03-20,8,6,London,E12000007,145,Camden,E09000007,A501,PA,Major,A4200,A5202,530000,182765,51.5288408,-0.127309504,0.6,0.4,33,132,1001,82,203,71,9,9,2,3,0,94,1512
56815,E,2003,2003-03-20,16,6,London,E12000007,145,Camden,E09000007,A501,PA,Major,A4200,A5202,530000,182765,51.5288408,-0.127309504,0.6,0.4,41,98,1045,64,184,83,0,3,3,4,0,93,1484
56815,W,2003,2003-03-20,11,6,London,E12000007,145,Camden,E09000007,A501,PA,Major,A4200,A5202,530000,182765,51.5288408,-0.127309504,0.6,0.4,4,23,946,44,184,35,4,5,4,5,2,55,1252
56815,W,2003,2003-03-20,13,6,London,E12000007,145,Camden,E09000007,A501,PA,Major,A4200,A5202,530000,182765,51.5288408,-0.127309504,0.6,0.4,19,70,765,43,238,35,3,6,2,0,3,49,1165
56815,E,2003,2003-03-20,14,6,London,E12000007,145,Camden,E09000007,A501,PA,Major,A4200,A5202,530000,182765,51.5288408,-0.127309504,0.6,0.4,20,70,917,62,204,92,5,4,7,4,0,112,1365
56815,W,2003,2003-03-20,14,6,London,E12000007,145,Camden,E09000007,A501,PA,Major,A4200,A5202,530000,182765,51.5288408,-0.127309504,0.6,0.4,18,90,970,66,258,46,10,7,2,3,3,71,1455
56815,E,2003,2003-03-20,17,6,London,E12000007,145,Camden,E09000007,A501,PA,Major,A4200,A5202,530000,182765,51.5288408,-0.127309504,0.6,0.4,73,108,1076,71,150,64,1,1,5,2,0,73,1478
56815,W,2003,2003-03-20,18,6,London,E12000007,145,Camden,E09000007,A501,PA,Major,A4200,A5202,530000,182765,51.5288408,-0.127309504,0.6,0.4,14,49,774,65,96,14,3,0,1,2,2,22,1006
56815,W,2003,2003-03-20,12,6,London,E12000007,145,Camden,E09000007,A501,PA,Major,A4200,A5202,530000,182765,51.5288408,-0.127309504,0.6,0.4,13,45,961,33,242,28,7,12,2,8,2,59,1340
56815,W,2006,2006-05-18,11,6,London,E12000007,145,Camden,E09000007,A501,PA,Major,A4200,A5202,530000,182765,51.5288408,-0.127309504,0.6,0.4,30,62,818,59,335,50,5,9,11,5,4,84,1358
56815,W,2006,2006-05-18,12,6,London,E12000007,145,Camden,E09000007,A501,PA,Major,A4200,A5202,530000,182765,51.5288408,-0.127309504,0.6,0.4,35,88,836,56,314,63,3,14,4,7,4,95,1389
56815,W,2006,2006-05-18,15,6,London,E12000007,145,Camden,E09000007,A501,PA,Major,A4200,A5202,530000,182765,51.5288408,-0.127309504,0.6,0.4,12,44,950,57,191,22,6,0,0,0,1,29,1271
56815,E,2006,2006-05-18,11,6,London,E12000007,145,Camden,E09000007,A501,PA,Major,A4200,A5202,530000,182765,51.5288408,-0.127309504,0.6,0.4,24,58,809,63,290,43,9,4,4,6,4,70,1290
56815,W,2006,2006-05-18,9,6,London,E12000007,145,Camden,E09000007,A501,PA,Major,A4200,A5202,530000,182765,51.5288408,-0.127309504,0.6,0.4,107,87,697,71,233,59,3,7,9,9,5,92,1180
56815,E,2006,2006-05-18,12,6,London,E12000007,145,Camden,E09000007,A501,PA,Major,A4200,A5202,530000,182765,51.5288408,-0.127309504,0.6,0.4,22,69,818,57,296,47,4,5,9,4,1,70,1310
56815,E,2006,2006-05-18,15,6,London,E12000007,145,Camden,E09000007,A501,PA,Major,A4200,A5202,530000,182765,51.5288408,-0.127309504,0.6,0.4,33,58,852,70,253,68,4,4,8,4,1,89,1322
56815,E,2006,2006-05-18,10,6,London,E12000007,145,Camden,E09000007,A501,PA,Major,A4200,A5202,530000,182765,51.5288408,-0.127309504,0.6,0.4,17,70,760,69,215,39,4,12,7,5,2,69,1183
56815,E,2006,2006-05-18,16,6,London,E12000007,145,Camden,E09000007,A501,PA,Major,A4200,A5202,530000,182765,51.5288408,-0.127309504,0.6,0.4,55,82,832,61,194,49,4,2,9,3,2,69,1238
56815,W,2006,2006-05-18,17,6,London,E12000007,145,Camden,E09000007,A501,PA,Major,A4200,A5202,530000,182765,51.5288408,-0.127309504,0.6,0.4,44,93,838,52,117,7,1,2,0,0,1,11,1111
56815,W,2006,2006-05-18,13,6,London,E12000007,145,Camden,E09000007,A501,PA,Major,A4200,A5202,530000,182765,51.5288408,-0.127309504,0.6,0.4,7,28,767,53,195,14,3,0,3,0,5,25,1068
56815,E,2006,2006-05-18,7,6,London,E12000007,145,Camden,E09000007,A501,PA,Major,A4200,A5202,530000,182765,51.5288408,-0.127309504,0.6,0.4,32,107,829,63,300,52,9,13,4,6,2,86,1385
56815,E,2006,2006-05-18,8,6,London,E12000007,145,Camden,E09000007,A501,PA,Major,A4200,A5202,530000,182765,51.5288408,-0.127309504,0.6,0.4,64,198,781,66,209,37,11,7,6,5,4,70,1324
56815,W,2006,2006-05-18,14,6,London,E12000007,145,Camden,E09000007,A501,PA,Major,A4200,A5202,530000,182765,51.5288408,-0.127309504,0.6,0.4,8,30,785,70,222,25,1,2,0,0,1,29,1136
56815,E,2006,2006-05-18,9,6,London,E12000007,145,Camden,E09000007,A501,PA,Major,A4200,A5202,530000,182765,51.5288408,-0.127309504,0.6,0.4,59,122,906,65,199,48,12,6,2,1,2,71,1363
56815,W,2006,2006-05-18,16,6,London,E12000007,145,Camden,E09000007,A501,PA,Major,A4200,A5202,530000,182765,51.5288408,-0.127309504,0.6,0.4,20,60,881,57,214,13,0,0,0,4,2,19,1231
56815,W,2006,2006-05-18,10,6,London,E12000007,145,Camden,E09000007,A501,PA,Major,A4200,A5202,530000,182765,51.5288408,-0.127309504,0.6,0.4,53,64,742,77,289,60,9,12,7,5,2,95,1267
56815,E,2006,2006-05-18,17,6,London,E12000007,145,Camden,E09000007,A501,PA,Major,A4200,A5202,530000,182765,51.5288408,-0.127309504,0.6,0.4,114,109,986,69,159,32,2,1,4,3,1,43,1366
56815,W,2006,2006-05-18,7,6,London,E12000007,145,Camden,E09000007,A501,PA,Major,A4200,A5202,530000,182765,51.5288408,-0.127309504,0.6,0.4,66,72,890,71,335,41,10,14,5,0,2,72,1440
56815,W,2006,2006-05-18,18,6,London,E12000007,145,Camden,E09000007,A501,PA,Major,A4200,A5202,530000,182765,51.5288408,-0.127309504,0.6,0.4,48,101,852,56,105,6,1,1,0,0,2,10,1124
56815,E,2006,2006-05-18,13,6,London,E12000007,145,Camden,E09000007,A501,PA,Major,A4200,A5202,530000,182765,51.5288408,-0.127309504,0.6,0.4,24,85,812,64,256,62,5,7,8,4,5,91,1308
56815,W,2006,2006-05-18,8,6,London,E12000007,145,Camden,E09000007,A501,PA,Major,A4200,A5202,530000,182765,51.5288408,-0.127309504,0.6,0.4,111,111,795,69,254,66,3,6,3,1,2,81,1310
56815,E,2006,2006-05-18,14,6,London,E12000007,145,Camden,E09000007,A501,PA,Major,A4200,A5202,530000,182765,51.5288408,-0.127309504,0.6,0.4,26,69,781,57,219,79,4,8,3,8,2,104,1230
56815,E,2006,2006-05-18,18,6,London,E12000007,145,Camden,E09000007,A501,PA,Major,A4200,A5202,530000,182765,51.5288408,-0.127309504,0.6,0.4,137,124,1076,63,118,16,2,1,6,3,1,29,1410
56815,W,2007,2007-06-26,8,6,London,E12000007,145,Camden,E09000007,A501,PA,Major,A4200,A5202,530000,182765,51.5288408,-0.127309504,0.6,0.4,112,95,607,65,234,63,12,10,0,0,1,86,1087
56815,E,2007,2007-06-26,11,6,London,E12000007,145,Camden,E09000007,A501,PA,Major,A4200,A5202,530000,182765,51.5288408,-0.127309504,0.6,0.4,26,58,1102,69,397,83,8,4,2,4,1,102,1728
56815,W,2007,2007-06-26,14,6,London,E12000007,145,Camden,E09000007,A501,PA,Major,A4200,A5202,530000,182765,51.5288408,-0.127309504,0.6,0.4,23,58,925,60,283,41,7,3,0,8,1,60,1386
56815,E,2007,2007-06-26,10,6,London,E12000007,145,Camden,E09000007,A501,PA,Major,A4200,A5202,530000,182765,51.5288408,-0.127309504,0.6,0.4,17,62,1111,69,329,70,7,4,3,4,1,89,1660
56815,E,2007,2007-06-26,17,6,London,E12000007,145,Camden,E09000007,A501,PA,Major,A4200,A5202,530000,182765,51.5288408,-0.127309504,0.6,0.4,165,134,1196,69,248,29,0,2,0,1,0,32,1679
56815,W,2007,2007-06-26,7,6,London,E12000007,145,Camden,E09000007,A501,PA,Major,A4200,A5202,530000,182765,51.5288408,-0.127309504,0.6,0.4,76,75,580,70,298,56,10,7,2,1,2,78,1101
56815,W,2007,2007-06-26,17,6,London,E12000007,145,Camden,E09000007,A501,PA,Major,A4200,A5202,530000,182765,51.5288408,-0.127309504,0.6,0.4,80,72,1120,62,310,47,2,4,0,2,1,56,1620
56815,E,2007,2007-06-26,7,6,London,E12000007,145,Camden,E09000007,A501,PA,Major,A4200,A5202,530000,182765,51.5288408,-0.127309504,0.6,0.4,54,115,784,67,311,62,9,8,0,3,4,86,1363
56815,E,2007,2007-06-26,8,6,London,E12000007,145,Camden,E09000007,A501,PA,Major,A4200,A5202,530000,182765,51.5288408,-0.127309504,0.6,0.4,68,144,1096,68,251,57,9,10,3,2,4,85,1644
56815,W,2007,2007-06-26,15,6,London,E12000007,145,Camden,E09000007,A501,PA,Major,A4200,A5202,530000,182765,51.5288408,-0.127309504,0.6,0.4,18,48,979,53,234,46,6,5,2,6,3,68,1382
56815,E,2007,2007-06-26,14,6,London,E12000007,145,Camden,E09000007,A501,PA,Major,A4200,A5202,530000,182765,51.5288408,-0.127309504,0.6,0.4,33,67,880,66,317,88,8,4,0,6,3,109,1439
56815,E,2007,2007-06-26,16,6,London,E12000007,145,Camden,E09000007,A501,PA,Major,A4200,A5202,530000,182765,51.5288408,-0.127309504,0.6,0.4,67,126,1115,74,300,52,1,2,1,4,1,61,1676
56815,W,2007,2007-06-26,18,6,London,E12000007,145,Camden,E09000007,A501,PA,Major,A4200,A5202,530000,182765,51.5288408,-0.127309504,0.6,0.4,100,130,1187,60,270,42,1,2,1,0,0,46,1693
56815,W,2007,2007-06-26,13,6,London,E12000007,145,Camden,E09000007,A501,PA,Major,A4200,A5202,530000,182765,51.5288408,-0.127309504,0.6,0.4,23,55,865,64,257,60,6,4,5,2,6,83,1324
56815,W,2007,2007-06-26,9,6,London,E12000007,145,Camden,E09000007,A501,PA,Major,A4200,A5202,530000,182765,51.5288408,-0.127309504,0.6,0.4,114,61,672,88,263,43,10,10,1,0,4,68,1152
56815,E,2007,2007-06-26,13,6,London,E12000007,145,Camden,E09000007,A501,PA,Major,A4200,A5202,530000,182765,51.5288408,-0.127309504,0.6,0.4,27,62,1220,66,358,87,9,6,3,5,3,113,1819
56815,W,2007,2007-06-26,12,6,London,E12000007,145,Camden,E09000007,A501,PA,Major,A4200,A5202,530000,182765,51.5288408,-0.127309504,0.6,0.4,26,67,1097,47,280,63,5,3,8,5,1,85,1576
56815,W,2007,2007-06-26,16,6,London,E12000007,145,Camden,E09000007,A501,PA,Major,A4200,A5202,530000,182765,51.5288408,-0.127309504,0.6,0.4,24,42,1039,59,323,50,8,6,3,7,2,76,1539
56815,E,2007,2007-06-26,9,6,London,E12000007,145,Camden,E09000007,A501,PA,Major,A4200,A5202,530000,182765,51.5288408,-0.127309504,0.6,0.4,33,71,998,73,240,69,15,8,4,9,4,109,1491
56815,W,2007,2007-06-26,11,6,London,E12000007,145,Camden,E09000007,A501,PA,Major,A4200,A5202,530000,182765,51.5288408,-0.127309504,0.6,0.4,32,64,845,66,314,78,8,3,6,8,3,106,1395
56815,E,2007,2007-06-26,15,6,London,E12000007,145,Camden,E09000007,A501,PA,Major,A4200,A5202,530000,182765,51.5288408,-0.127309504,0.6,0.4,48,86,1132,77,388,72,7,4,4,5,1,93,1776
56815,W,2007,2007-06-26,10,6,London,E12000007,145,Camden,E09000007,A501,PA,Major,A4200,A5202,530000,182765,51.5288408,-0.127309504,0.6,0.4,50,41,803,55,242,76,6,6,5,5,1,99,1240
56815,E,2007,2007-06-26,12,6,London,E12000007,145,Camden,E09000007,A501,PA,Major,A4200,A5202,530000,182765,51.5288408,-0.127309504,0.6,0.4,26,60,1154,65,474,78,10,4,7,6,0,105,1858
56815,E,2007,2007-06-26,18,6,London,E12000007,145,Camden,E09000007,A501,PA,Major,A4200,A5202,530000,182765,51.5288408,-0.127309504,0.6,0.4,127,131,1126,63,234,22,2,1,2,1,0,28,1582
56815,E,2008,2008-10-13,10,6,London,E12000007,145,Camden,E09000007,A501,PA,Major,A4200,A5202,530000,182765,51.5288408,-0.127309504,0.6,0.4,37,65,794,57,214,57,8,12,4,9,14,104,1234
56815,E,2008,2008-10-13,16,6,London,E12000007,145,Camden,E09000007,A501,PA,Major,A4200,A5202,530000,182765,51.5288408,-0.127309504,0.6,0.4,68,80,1019,82,274,43,3,2,2,3,4,57,1512
56815,W,2008,2008-10-13,18,6,London,E12000007,145,Camden,E09000007,A501,PA,Major,A4200,A5202,530000,182765,51.5288408,-0.127309504,0.6,0.4,112,187,1072,73,137,12,1,2,2,2,2,21,1490
56815,W,2008,2008-10-13,17,6,London,E12000007,145,Camden,E09000007,A501,PA,Major,A4200,A5202,530000,182765,51.5288408,-0.127309504,0.6,0.4,68,82,798,63,113,18,2,3,1,4,0,28,1084
56815,W,2008,2008-10-13,13,6,London,E12000007,145,Camden,E09000007,A501,PA,Major,A4200,A5202,530000,182765,51.5288408,-0.127309504,0.6,0.4,27,51,598,93,337,41,3,10,0,6,6,66,1145
56815,E,2008,2008-10-13,11,6,London,E12000007,145,Camden,E09000007,A501,PA,Major,A4200,A5202,530000,182765,51.5288408,-0.127309504,0.6,0.4,25,39,848,57,188,60,10,4,4,7,3,88,1220
56815,E,2008,2008-10-13,8,6,London,E12000007,145,Camden,E09000007,A501,PA,Major,A4200,A5202,530000,182765,51.5288408,-0.127309504,0.6,0.4,88,161,924,74,219,50,12,8,0,2,3,75,1453
56815,W,2008,2008-10-13,16,6,London,E12000007,145,Camden,E09000007,A501,PA,Major,A4200,A5202,530000,182765,51.5288408,-0.127309504,0.6,0.4,41,68,831,62,165,33,1,6,1,4,1,46,1172
56815,W,2008,2008-10-13,7,6,London,E12000007,145,Camden,E09000007,A501,PA,Major,A4200,A5202,530000,182765,51.5288408,-0.127309504,0.6,0.4,96,80,853,75,334,89,7,10,4,6,1,117,1459
56815,E,2008,2008-10-13,7,6,London,E12000007,145,Camden,E09000007,A501,PA,Major,A4200,A5202,530000,182765,51.5288408,-0.127309504,0.6,0.4,68,134,852,73,308,53,8,9,2,1,6,79,1446
56815,W,2008,2008-10-13,9,6,London,E12000007,145,Camden,E09000007,A501,PA,Major,A4200,A5202,530000,182765,51.5288408,-0.127309504,0.6,0.4,107,90,563,79,241,91,3,5,1,8,4,112,1085
56815,E,2008,2008-10-13,17,6,London,E12000007,145,Camden,E09000007,A501,PA,Major,A4200,A5202,530000,182765,51.5288408,-0.127309504,0.6,0.4,170,97,1152,69,181,21,2,5,1,1,1,31,1530
56815,W,2008,2008-10-13,11,6,London,E12000007,145,Camden,E09000007,A501,PA,Major,A4200,A5202,530000,182765,51.5288408,-0.127309504,0.6,0.4,31,36,487,48,289,92,4,6,1,2,1,106,966
56815,E,2008,2008-10-13,18,6,London,E12000007,145,Camden,E09000007,A501,PA,Major,A4200,A5202,530000,182765,51.5288408,-0.127309504,0.6,0.4,196,133,1200,66,154,31,0,1,0,3,1,36,1589
56815,W,2008,2008-10-13,14,6,London,E12000007,145,Camden,E09000007,A501,PA,Major,A4200,A5202,530000,182765,51.5288408,-0.127309504,0.6,0.4,20,43,726,54,232,46,3,11,2,7,2,71,1126
56815,W,2008,2008-10-13,12,6,London,E12000007,145,Camden,E09000007,A501,PA,Major,A4200,A5202,530000,182765,51.5288408,-0.127309504,0.6,0.4,30,24,696,63,192,49,9,17,0,6,1,82,1057
56815,E,2008,2008-10-13,9,6,London,E12000007,145,Camden,E09000007,A501,PA,Major,A4200,A5202,530000,182765,51.5288408,-0.127309504,0.6,0.4,58,91,877,68,197,62,11,8,2,2,5,90,1323
56815,W,2008,2008-10-13,8,6,London,E12000007,145,Camden,E09000007,A501,PA,Major,A4200,A5202,530000,182765,51.5288408,-0.127309504,0.6,0.4,147,118,954,67,258,77,7,7,1,2,1,95,1492
56815,E,2008,2008-10-13,15,6,London,E12000007,145,Camden,E09000007,A501,PA,Major,A4200,A5202,530000,182765,51.5288408,-0.127309504,0.6,0.4,43,52,1129,88,218,46,3,3,1,3,2,58,1545
56815,W,2008,2008-10-13,15,6,London,E12000007,145,Camden,E09000007,A501,PA,Major,A4200,A5202,530000,182765,51.5288408,-0.127309504,0.6,0.4,51,48,767,65,203,42,2,11,1,3,1,60,1143
56815,E,2008,2008-10-13,13,6,London,E12000007,145,Camden,E09000007,A501,PA,Major,A4200,A5202,530000,182765,51.5288408,-0.127309504,0.6,0.4,34,57,842,61,259,59,9,11,1,7,3,90,1309
56815,E,2008,2008-10-13,14,6,London,E12000007,145,Camden,E09000007,A501,PA,Major,A4200,A5202,530000,182765,51.5288408,-0.127309504,0.6,0.4,36,50,991,63,252,70,5,12,2,8,3,100,1456
56815,E,2008,2008-10-13,12,6,London,E12000007,145,Camden,E09000007,A501,PA,Major,A4200,A5202,530000,182765,51.5288408,-0.127309504,0.6,0.4,22,54,885,72,205,63,6,13,0,3,11,96,1312
56815,W,2008,2008-10-13,10,6,London,E12000007,145,Camden,E09000007,A501,PA,Major,A4200,A5202,530000,182765,51.5288408,-0.127309504,0.6,0.4,65,38,486,61,197,66,4,10,5,4,1,90,872
56815,W,2009,2009-05-12,15,6,London,E12000007,145,Camden,E09000007,A501,PA,Major,A4200,A5202,530000,182765,51.5288408,-0.127309504,0.6,0.4,54,87,1165,79,268,48,1,22,1,2,0,74,1673
56815,E,2009,2009-05-12,10,6,London,E12000007,145,Camden,E09000007,A501,PA,Major,A4200,A5202,530000,182765,51.5288408,-0.127309504,0.6,0.4,32,64,845,70,213,65,7,11,1,5,4,93,1285
56815,E,2009,2009-05-12,16,6,London,E12000007,145,Camden,E09000007,A501,PA,Major,A4200,A5202,530000,182765,51.5288408,-0.127309504,0.6,0.4,95,102,1229,96,240,39,0,6,3,5,0,53,1720
56815,W,2009,2009-05-12,11,6,London,E12000007,145,Camden,E09000007,A501,PA,Major,A4200,A5202,530000,182765,51.5288408,-0.127309504,0.6,0.4,56,73,1099,80,315,80,11,19,2,7,2,121,1688
56815,W,2009,2009-05-12,7,6,London,E12000007,145,Camden,E09000007,A501,PA,Major,A4200,A5202,530000,182765,51.5288408,-0.127309504,0.6,0.4,144,83,935,94,345,72,13,8,4,3,2,102,1559
56815,E,2009,2009-05-12,11,6,London,E12000007,145,Camden,E09000007,A501,PA,Major,A4200,A5202,530000,182765,51.5288408,-0.127309504,0.6,0.4,29,56,936,102,180,67,6,11,2,6,2,94,1368
56815,W,2009,2009-05-12,16,6,London,E12000007,145,Camden,E09000007,A501,PA,Major,A4200,A5202,530000,182765,51.5288408,-0.127309504,0.6,0.4,72,122,1071,80,211,30,3,4,3,3,0,43,1527
56815,W,2009,2009-05-12,9,6,London,E12000007,145,Camden,E09000007,A501,PA,Major,A4200,A5202,530000,182765,51.5288408,-0.127309504,0.6,0.4,147,115,1087,81,308,95,8,17,2,5,5,132,1723
56815,W,2009,2009-05-12,13,6,London,E12000007,145,Camden,E09000007,A501,PA,Major,A4200,A5202,530000,182765,51.5288408,-0.127309504,0.6,0.4,50,84,987,70,292,80,5,31,2,2,4,124,1557
56815,E,2009,2009-05-12,14,6,London,E12000007,145,Camden,E09000007,A501,PA,Major,A4200,A5202,530000,182765,51.5288408,-0.127309504,0.6,0.4,51,67,937,59,187,37,1,12,2,5,0,57,1307
56815,W,2009,2009-05-12,18,6,London,E12000007,145,Camden,E09000007,A501,PA,Major,A4200,A5202,530000,182765,51.5288408,-0.127309504,0.6,0.4,166,220,1404,75,157,15,0,3,0,3,2,23,1879
56815,E,2009,2009-05-12,13,6,London,E12000007,145,Camden,E09000007,A501,PA,Major,A4200,A5202,530000,182765,51.5288408,-0.127309504,0.6,0.4,38,65,923,80,211,46,0,14,1,4,3,68,1347
56815,W,2009,2009-05-12,10,6,London,E12000007,145,Camden,E09000007,A501,PA,Major,A4200,A5202,530000,182765,51.5288408,-0.127309504,0.6,0.4,75,79,1039,76,320,81,12,25,3,3,1,125,1639
56815,W,2009,2009-05-12,17,6,London,E12000007,145,Camden,E09000007,A501,PA,Major,A4200,A5202,530000,182765,51.5288408,-0.127309504,0.6,0.4,135,229,1280,83,208,18,1,1,2,1,0,23,1823
56815,E,2009,2009-05-12,17,6,London,E12000007,145,Camden,E09000007,A501,PA,Major,A4200,A5202,530000,182765,51.5288408,-0.127309504,0.6,0.4,149,141,1426,87,182,25,0,2,2,2,0,31,1867
56815,E,2009,2009-05-12,7,6,London,E12000007,145,Camden,E09000007,A501,PA,Major,A4200,A5202,530000,182765,51.5288408,-0.127309504,0.6,0.4,60,126,757,120,245,72,11,26,2,3,2,116,1364
56815,E,2009,2009-05-12,9,6,London,E12000007,145,Camden,E09000007,A501,PA,Major,A4200,A5202,530000,182765,51.5288408,-0.127309504,0.6,0.4,59,132,929,105,191,57,11,10,3,4,1,86,1443
56815,E,2009,2009-05-12,15,6,London,E12000007,145,Camden,E09000007,A501,PA,Major,A4200,A5202,530000,182765,51.5288408,-0.127309504,0.6,0.4,50,55,1153,100,225,51,3,11,7,3,3,78,1611
56815,E,2009,2009-05-12,12,6,London,E12000007,145,Camden,E09000007,A501,PA,Major,A4200,A5202,530000,182765,51.5288408,-0.127309504,0.6,0.4,35,85,1036,74,226,72,5,21,5,5,0,108,1529
56815,E,2009,2009-05-12,18,6,London,E12000007,145,Camden,E09000007,A501,PA,Major,A4200,A5202,530000,182765,51.5288408,-0.127309504,0.6,0.4,204,166,1318,73,132,18,2,1,2,2,1,26,1715
56815,W,2009,2009-05-12,8,6,London,E12000007,145,Camden,E09000007,A501,PA,Major,A4200,A5202,530000,182765,51.5288408,-0.127309504,0.6,0.4,243,149,1044,85,328,95,12,35,4,8,0,154,1760
56815,E,2009,2009-05-12,8,6,London,E12000007,145,Camden,E09000007,A501,PA,Major,A4200,A5202,530000,182765,51.5288408,-0.127309504,0.6,0.4,91,181,1035,92,188,51,9,7,2,6,1,76,1572
56815,W,2009,2009-05-12,12,6,London,E12000007,145,Camden,E09000007,A501,PA,Major,A4200,A5202,530000,182765,51.5288408,-0.127309504,0.6,0.4,56,78,1094,59,288,77,3,17,4,6,2,109,1628
56815,W,2009,2009-05-12,14,6,London,E12000007,145,Camden,E09000007,A501,PA,Major,A4200,A5202,530000,182765,51.5288408,-0.127309504,0.6,0.4,48,72,1052,75,310,64,7,9,1,6,1,88,1597
56815,E,2010,2010-09-02,17,6,London,E12000007,145,Camden,E09000007,A501,PA,Major,A4200,A5202,530000,182765,51.5288408,-0.127309504,0.6,0.4,183,104,1138,64,177,14,1,2,0,0,0,17,1500
56815,E,2010,2010-09-02,16,6,London,E12000007,145,Camden,E09000007,A501,PA,Major,A4200,A5202,530000,182765,51.5288408,-0.127309504,0.6,0.4,75,76,1084,51,188,34,0,1,0,4,2,41,1440
56815,E,2010,2010-09-02,9,6,London,E12000007,145,Camden,E09000007,A501,PA,Major,A4200,A5202,530000,182765,51.5288408,-0.127309504,0.6,0.4,65,127,916,83,192,58,10,3,7,1,5,84,1402
56815,W,2010,2010-09-02,7,6,London,E12000007,145,Camden,E09000007,A501,PA,Major,A4200,A5202,530000,182765,51.5288408,-0.127309504,0.6,0.4,178,88,1109,87,360,88,12,10,9,6,1,126,1770
56815,W,2010,2010-09-02,18,6,London,E12000007,145,Camden,E09000007,A501,PA,Major,A4200,A5202,530000,182765,51.5288408,-0.127309504,0.6,0.4,207,203,1577,70,137,16,0,1,4,3,2,26,2013
56815,W,2010,2010-09-02,13,6,London,E12000007,145,Camden,E09000007,A501,PA,Major,A4200,A5202,530000,182765,51.5288408,-0.127309504,0.6,0.4,52,60,1089,62,259,88,5,3,3,2,4,105,1575
56815,E,2010,2010-09-02,13,6,London,E12000007,145,Camden,E09000007,A501,PA,Major,A4200,A5202,530000,182765,51.5288408,-0.127309504,0.6,0.4,52,50,1043,62,252,62,1,5,2,2,3,75,1482
56815,E,2010,2010-09-02,10,6,London,E12000007,145,Camden,E09000007,A501,PA,Major,A4200,A5202,530000,182765,51.5288408,-0.127309504,0.6,0.4,42,75,731,77,199,60,3,9,0,8,1,81,1163
56815,E,2010,2010-09-02,14,6,London,E12000007,145,Camden,E09000007,A501,PA,Major,A4200,A5202,530000,182765,51.5288408,-0.127309504,0.6,0.4,56,71,1003,64,273,71,6,8,3,6,1,95,1506
56815,W,2010,2010-09-02,11,6,London,E12000007,145,Camden,E09000007,A501,PA,Major,A4200,A5202,530000,182765,51.5288408,-0.127309504,0.6,0.4,62,73,1045,62,368,102,8,1,4,5,3,123,1671
56815,E,2010,2010-09-02,18,6,London,E12000007,145,Camden,E09000007,A501,PA,Major,A4200,A5202,530000,182765,51.5288408,-0.127309504,0.6,0.4,225,148,1392,79,120,21,3,2,2,0,0,28,1767
56815,W,2010,2010-09-02,8,6,London,E12000007,145,Camden,E09000007,A501,PA,Major,A4200,A5202,530000,182765,51.5288408,-0.127309504,0.6,0.4,422,147,1194,93,260,97,12,4,4,5,1,123,1817
56815,E,2010,2010-09-02,11,6,London,E12000007,145,Camden,E09000007,A501,PA,Major,A4200,A5202,530000,182765,51.5288408,-0.127309504,0.6,0.4,39,61,817,75,211,53,2,10,4,2,4,75,1239
56815,E,2010,2010-09-02,12,6,London,E12000007,145,Camden,E09000007,A501,PA,Major,A4200,A5202,530000,182765,51.5288408,-0.127309504,0.6,0.4,38,48,833,69,252,61,6,8,4,1,5,85,1287
56815,W,2010,2010-09-02,16,6,London,E12000007,145,Camden,E09000007,A501,PA,Major,A4200,A5202,530000,182765,51.5288408,-0.127309504,0.6,0.4,93,124,1232,65,249,34,1,3,2,5,1,46,1716
56815,E,2010,2010-09-02,15,6,London,E12000007,145,Camden,E09000007,A501,PA,Major,A4200,A5202,530000,182765,51.5288408,-0.127309504,0.6,0.4,68,80,1060,63,261,51,5,2,3,3,2,66,1530
56815,W,2010,2010-09-02,17,6,London,E12000007,145,Camden,E09000007,A501,PA,Major,A4200,A5202,530000,182765,51.5288408,-0.127309504,0.6,0.4,147,184,1295,71,178,32,1,3,1,0,1,38,1766
56815,W,2010,2010-09-02,10,6,London,E12000007,145,Camden,E09000007,A501,PA,Major,A4200,A5202,530000,182765,51.5288408,-0.127309504,0.6,0.4,124,75,967,67,237,116,10,5,2,5,0,138,1484
56815,W,2010,2010-09-02,15,6,London,E12000007,145,Camden,E09000007,A501,PA,Major,A4200,A5202,530000,182765,51.5288408,-0.127309504,0.6,0.4,84,69,1086,81,287,48,5,6,2,3,3,67,1590
56815,W,2010,2010-09-02,12,6,London,E12000007,145,Camden,E09000007,A501,PA,Major,A4200,A5202,530000,182765,51.5288408,-0.127309504,0.6,0.4,77,73,1056,58,334,66,4,8,5,2,2,87,1608
56815,E,2010,2010-09-02,8,6,London,E12000007,145,Camden,E09000007,A501,PA,Major,A4200,A5202,530000,182765,51.5288408,-0.127309504,0.6,0.4,94,196,880,56,195,58,13,9,1,1,4,86,1413
56815,W,2010,2010-09-02,9,6,London,E12000007,145,Camden,E09000007,A501,PA,Major,A4200,A5202,530000,182765,51.5288408,-0.127309504,0.6,0.4,307,144,879,80,284,80,16,8,5,8,1,118,1505
56815,W,2010,2010-09-02,14,6,London,E12000007,145,Camden,E09000007,A501,PA,Major,A4200,A5202,530000,182765,51.5288408,-0.127309504,0.6,0.4,70,80,1014,63,323,72,4,4,4,4,1,89,1569
56815,E,2010,2010-09-02,7,6,London,E12000007,145,Camden,E09000007,A501,PA,Major,A4200,A5202,530000,182765,51.5288408,-0.127309504,0.6,0.4,64,133,849,70,267,70,15,12,5,1,7,110,1429
56815,W,2011,2011-10-07,9,6,London,E12000007,145,Camden,E09000007,A501,PA,Major,A4200,A5202,530000,182765,51.5288408,-0.127309504,0.6,0.4,203,129,994,100,287,123,14,9,0,2,8,156,1666
56815,W,2011,2011-10-07,11,6,London,E12000007,145,Camden,E09000007,A501,PA,Major,A4200,A5202,530000,182765,51.5288408,-0.127309504,0.6,0.4,80,81,1058,86,288,113,14,25,0,2,12,166,1679
56815,W,2011,2011-10-07,15,6,London,E12000007,145,Camden,E09000007,A501,PA,Major,A4200,A5202,530000,182765,51.5288408,-0.127309504,0.6,0.4,59,49,1003,69,186,73,6,4,0,2,4,89,1396
56815,W,2011,2011-10-07,13,6,London,E12000007,145,Camden,E09000007,A501,PA,Major,A4200,A5202,530000,182765,51.5288408,-0.127309504,0.6,0.4,47,32,1062,78,196,76,5,4,0,3,5,93,1461
56815,E,2011,2011-10-07,11,6,London,E12000007,145,Camden,E09000007,A501,PA,Major,A4200,A5202,530000,182765,51.5288408,-0.127309504,0.6,0.4,46,63,1002,100,280,88,11,15,3,1,7,125,1570
56815,E,2011,2011-10-07,7,6,London,E12000007,145,Camden,E09000007,A501,PA,Major,A4200,A5202,530000,182765,51.5288408,-0.127309504,0.6,0.4,48,90,910,66,354,52,15,17,9,5,18,116,1536
56815,E,2011,2011-10-07,15,6,London,E12000007,145,Camden,E09000007,A501,PA,Major,A4200,A5202,530000,182765,51.5288408,-0.127309504,0.6,0.4,89,71,1096,69,191,72,10,10,13,0,3,108,1535
56815,W,2011,2011-10-07,16,6,London,E12000007,145,Camden,E09000007,A501,PA,Major,A4200,A5202,530000,182765,51.5288408,-0.127309504,0.6,0.4,90,97,1122,82,205,46,3,3,1,1,3,57,1563
56815,W,2011,2011-10-07,10,6,London,E12000007,145,Camden,E09000007,A501,PA,Major,A4200,A5202,530000,182765,51.5288408,-0.127309504,0.6,0.4,75,69,893,87,346,131,25,23,2,1,5,187,1582
56815,W,2011,2011-10-07,18,6,London,E12000007,145,Camden,E09000007,A501,PA,Major,A4200,A5202,530000,182765,51.5288408,-0.127309504,0.6,0.4,56,84,978,80,101,27,1,0,0,0,1,29,1272
56815,E,2011,2011-10-07,10,6,London,E12000007,145,Camden,E09000007,A501,PA,Major,A4200,A5202,530000,182765,51.5288408,-0.127309504,0.6,0.4,36,49,879,78,204,40,16,5,11,1,5,78,1288
56815,W,2011,2011-10-07,12,6,London,E12000007,145,Camden,E09000007,A501,PA,Major,A4200,A5202,530000,182765,51.5288408,-0.127309504,0.6,0.4,64,55,1110,95,222,92,9,12,2,5,8,128,1610
56815,E,2011,2011-10-07,16,6,London,E12000007,145,Camden,E09000007,A501,PA,Major,A4200,A5202,530000,182765,51.5288408,-0.127309504,0.6,0.4,119,108,1217,84,160,39,6,4,4,0,4,57,1626
56815,W,2011,2011-10-07,17,6,London,E12000007,145,Camden,E09000007,A501,PA,Major,A4200,A5202,530000,182765,51.5288408,-0.127309504,0.6,0.4,96,102,1039,76,149,48,4,7,0,1,4,64,1430
56815,E,2011,2011-10-07,18,6,London,E12000007,145,Camden,E09000007,A501,PA,Major,A4200,A5202,530000,182765,51.5288408,-0.127309504,0.6,0.4,62,81,1118,84,124,18,1,2,5,2,2,30,1437
56815,W,2011,2011-10-07,8,6,London,E12000007,145,Camden,E09000007,A501,PA,Major,A4200,A5202,530000,182765,51.5288408,-0.127309504,0.6,0.4,121,76,1253,104,297,96,5,12,7,6,13,139,1869
56815,E,2011,2011-10-07,17,6,London,E12000007,145,Camden,E09000007,A501,PA,Major,A4200,A5202,530000,182765,51.5288408,-0.127309504,0.6,0.4,102,112,1226,92,153,26,3,5,4,1,3,42,1625
56815,W,2011,2011-10-07,14,6,London,E12000007,145,Camden,E09000007,A501,PA,Major,A4200,A5202,530000,182765,51.5288408,-0.127309504,0.6,0.4,46,82,1131,91,246,67,7,6,2,2,8,92,1642
56815,E,2011,2011-10-07,8,6,London,E12000007,145,Camden,E09000007,A501,PA,Major,A4200,A5202,530000,182765,51.5288408,-0.127309504,0.6,0.4,69,110,980,121,249,49,31,10,17,9,11,127,1587
56815,E,2011,2011-10-07,13,6,London,E12000007,145,Camden,E09000007,A501,PA,Major,A4200,A5202,530000,182765,51.5288408,-0.127309504,0.6,0.4,28,54,1011,88,248,53,3,6,4,1,11,78,1479
56815,W,2011,2011-10-07,7,6,London,E12000007,145,Camden,E09000007,A501,PA,Major,A4200,A5202,530000,182765,51.5288408,-0.127309504,0.6,0.4,84,69,1189,110,425,141,7,11,12,9,23,203,1996
56815,E,2011,2011-10-07,12,6,London,E12000007,145,Camden,E09000007,A501,PA,Major,A4200,A5202,530000,182765,51.5288408,-0.127309504,0.6,0.4,54,76,998,90,295,82,8,9,7,2,19,127,1586
56815,E,2011,2011-10-07,14,6,London,E12000007,145,Camden,E09000007,A501,PA,Major,A4200,A5202,530000,182765,51.5288408,-0.127309504,0.6,0.4,43,59,1092,76,261,64,7,5,3,0,9,88,1576
56815,E,2011,2011-10-07,9,6,London,E12000007,145,Camden,E09000007,A501,PA,Major,A4200,A5202,530000,182765,51.5288408,-0.127309504,0.6,0.4,26,57,740,70,170,69,15,7,12,1,4,108,1145
56815,W,2012,2012-03-20,9,6,London,E12000007,145,Camden,E09000007,A501,PA,Major,A4200,A5202,530000,182765,51.5288408,-0.127309504,0.6,0.4,119,87,894,176,206,63,7,8,0,0,1,79,1442
56815,E,2012,2012-03-20,15,6,London,E12000007,145,Camden,E09000007,A501,PA,Major,A4200,A5202,530000,182765,51.5288408,-0.127309504,0.6,0.4,57,55,1216,76,199,70,9,7,1,1,1,89,1635
56815,E,2012,2012-03-20,14,6,London,E12000007,145,Camden,E09000007,A501,PA,Major,A4200,A5202,530000,182765,51.5288408,-0.127309504,0.6,0.4,66,58,1034,74,298,90,4,5,0,6,0,105,1569
56815,E,2012,2012-03-20,8,6,London,E12000007,145,Camden,E09000007,A501,PA,Major,A4200,A5202,530000,182765,51.5288408,-0.127309504,0.6,0.4,170,146,880,86,156,66,17,5,1,3,0,92,1360
56815,E,2012,2012-03-20,7,6,London,E12000007,145,Camden,E09000007,A501,PA,Major,A4200,A5202,530000,182765,51.5288408,-0.127309504,0.6,0.4,115,120,873,93,201,80,19,7,0,0,1,107,1394
56815,E,2012,2012-03-20,13,6,London,E12000007,145,Camden,E09000007,A501,PA,Major,A4200,A5202,530000,182765,51.5288408,-0.127309504,0.6,0.4,59,74,1076,79,175,73,3,13,0,7,8,104,1508
56815,E,2012,2012-03-20,10,6,London,E12000007,145,Camden,E09000007,A501,PA,Major,A4200,A5202,530000,182765,51.5288408,-0.127309504,0.6,0.4,98,59,841,77,205,76,6,20,0,1,12,115,1297
56815,E,2012,2012-03-20,9,6,London,E12000007,145,Camden,E09000007,A501,PA,Major,A4200,A5202,530000,182765,51.5288408,-0.127309504,0.6,0.4,92,112,921,80,207,56,11,4,0,1,2,74,1394
56815,W,2012,2012-03-20,12,6,London,E12000007,145,Camden,E09000007,A501,PA,Major,A4200,A5202,530000,182765,51.5288408,-0.127309504,0.6,0.4,39,44,752,63,202,68,6,9,0,0,13,96,1157
56815,E,2012,2012-03-20,18,6,London,E12000007,145,Camden,E09000007,A501,PA,Major,A4200,A5202,530000,182765,51.5288408,-0.127309504,0.6,0.4,225,148,1600,104,121,25,5,7,0,0,3,40,2013
56815,W,2012,2012-03-20,18,6,London,E12000007,145,Camden,E09000007,A501,PA,Major,A4200,A5202,530000,182765,51.5288408,-0.127309504,0.6,0.4,199,128,1738,67,119,19,3,9,0,2,1,34,2086
56815,W,2012,2012-03-20,16,6,London,E12000007,145,Camden,E09000007,A501,PA,Major,A4200,A5202,530000,182765,51.5288408,-0.127309504,0.6,0.4,93,96,1072,76,238,56,7,11,0,3,0,77,1559
56815,W,2012,2012-03-20,10,6,London,E12000007,145,Camden,E09000007,A501,PA,Major,A4200,A5202,530000,182765,51.5288408,-0.127309504,0.6,0.4,133,55,828,64,232,75,7,11,0,3,7,103,1282
56815,E,2012,2012-03-20,17,6,London,E12000007,145,Camden,E09000007,A501,PA,Major,A4200,A5202,530000,182765,51.5288408,-0.127309504,0.6,0.4,219,147,1252,88,162,31,3,6,0,0,3,43,1692
56815,W,2012,2012-03-20,14,6,London,E12000007,145,Camden,E09000007,A501,PA,Major,A4200,A5202,530000,182765,51.5288408,-0.127309504,0.6,0.4,60,64,776,67,207,69,4,11,0,5,0,89,1203
56815,E,2012,2012-03-20,16,6,London,E12000007,145,Camden,E09000007,A501,PA,Major,A4200,A5202,530000,182765,51.5288408,-0.127309504,0.6,0.4,68,96,1276,72,136,76,8,12,0,2,2,100,1680
56815,W,2012,2012-03-20,11,6,London,E12000007,145,Camden,E09000007,A501,PA,Major,A4200,A5202,530000,182765,51.5288408,-0.127309504,0.6,0.4,74,68,768,61,298,89,8,9,0,2,8,116,1311
56815,W,2012,2012-03-20,7,6,London,E12000007,145,Camden,E09000007,A501,PA,Major,A4200,A5202,530000,182765,51.5288408,-0.127309504,0.6,0.4,160,90,932,183,276,40,10,7,0,0,0,57,1538
56815,E,2012,2012-03-20,11,6,London,E12000007,145,Camden,E09000007,A501,PA,Major,A4200,A5202,530000,182765,51.5288408,-0.127309504,0.6,0.4,71,65,1168,101,173,69,3,8,0,0,5,85,1592
56815,W,2012,2012-03-20,17,6,London,E12000007,145,Camden,E09000007,A501,PA,Major,A4200,A5202,530000,182765,51.5288408,-0.127309504,0.6,0.4,164,203,1585,83,177,27,4,6,0,0,3,40,2088
56815,W,2012,2012-03-20,8,6,London,E12000007,145,Camden,E09000007,A501,PA,Major,A4200,A5202,530000,182765,51.5288408,-0.127309504,0.6,0.4,190,82,988,204,268,44,8,11,0,0,1,64,1606
56815,W,2012,2012-03-20,15,6,London,E12000007,145,Camden,E09000007,A501,PA,Major,A4200,A5202,530000,182765,51.5288408,-0.127309504,0.6,0.4,86,111,1106,81,241,36,12,7,0,2,1,58,1597
56815,W,2012,2012-03-20,13,6,London,E12000007,145,Camden,E09000007,A501,PA,Major,A4200,A5202,530000,182765,51.5288408,-0.127309504,0.6,0.4,31,84,994,109,221,96,4,11,0,6,4,121,1529
56815,E,2012,2012-03-20,12,6,London,E12000007,145,Camden,E09000007,A501,PA,Major,A4200,A5202,530000,182765,51.5288408,-0.127309504,0.6,0.4,33,42,993,71,209,51,2,11,0,4,9,77,1392
56815,E,2013,2013-09-10,7,6,London,E12000007,145,Camden,E09000007,A501,PA,Major,A4200,A5202,530000,182765,51.5288408,-0.127309504,0.6,0.4,92,155,938,77,218,43,14,4,0,2,7,70,1458
56815,E,2013,2013-09-10,11,6,London,E12000007,145,Camden,E09000007,A501,PA,Major,A4200,A5202,530000,182765,51.5288408,-0.127309504,0.6,0.4,41,63,875,64,125,31,10,3,0,5,6,55,1182
56815,E,2013,2013-09-10,15,6,London,E12000007,145,Camden,E09000007,A501,PA,Major,A4200,A5202,530000,182765,51.5288408,-0.127309504,0.6,0.4,95,43,1237,70,187,38,4,6,0,2,8,58,1595
56815,W,2013,2013-09-10,9,6,London,E12000007,145,Camden,E09000007,A501,PA,Major,A4200,A5202,530000,182765,51.5288408,-0.127309504,0.6,0.4,203,75,841,77,197,105,11,10,2,7,9,144,1334
56815,W,2013,2013-09-10,18,6,London,E12000007,145,Camden,E09000007,A501,PA,Major,A4200,A5202,530000,182765,51.5288408,-0.127309504,0.6,0.4,173,221,1291,76,90,19,1,2,0,0,1,23,1701
56815,W,2013,2013-09-10,16,6,London,E12000007,145,Camden,E09000007,A501,PA,Major,A4200,A5202,530000,182765,51.5288408,-0.127309504,0.6,0.4,94,113,1053,81,171,36,3,9,1,1,2,52,1470
56815,W,2013,2013-09-10,15,6,London,E12000007,145,Camden,E09000007,A501,PA,Major,A4200,A5202,530000,182765,51.5288408,-0.127309504,0.6,0.4,75,93,1107,73,213,41,4,7,2,1,3,58,1544
56815,E,2013,2013-09-10,13,6,London,E12000007,145,Camden,E09000007,A501,PA,Major,A4200,A5202,530000,182765,51.5288408,-0.127309504,0.6,0.4,48,59,1092,71,178,33,5,4,0,3,10,55,1455
56815,W,2013,2013-09-10,8,6,London,E12000007,145,Camden,E09000007,A501,PA,Major,A4200,A5202,530000,182765,51.5288408,-0.127309504,0.6,0.4,345,159,1037,76,204,98,13,15,0,4,4,134,1610
56815,E,2013,2013-09-10,9,6,London,E12000007,145,Camden,E09000007,A501,PA,Major,A4200,A5202,530000,182765,51.5288408,-0.127309504,0.6,0.4,58,92,927,66,153,38,9,3,0,4,9,63,1301
56815,W,2013,2013-09-10,17,6,London,E12000007,145,Camden,E09000007,A501,PA,Major,A4200,A5202,530000,182765,51.5288408,-0.127309504,0.6,0.4,156,180,1173,80,116,27,2,1,0,0,1,31,1580
56815,E,2013,2013-09-10,18,6,London,E12000007,145,Camden,E09000007,A501,PA,Major,A4200,A5202,530000,182765,51.5288408,-0.127309504,0.6,0.4,437,187,1375,85,69,21,0,2,0,0,2,25,1741
56815,E,2013,2013-09-10,12,6,London,E12000007,145,Camden,E09000007,A501,PA,Major,A4200,A5202,530000,182765,51.5288408,-0.127309504,0.6,0.4,45,54,1071,66,173,39,6,6,0,2,11,64,1428
56815,W,2013,2013-09-10,13,6,London,E12000007,145,Camden,E09000007,A501,PA,Major,A4200,A5202,530000,182765,51.5288408,-0.127309504,0.6,0.4,41,71,1092,71,209,58,4,12,0,3,9,86,1529
56815,W,2013,2013-09-10,12,6,London,E12000007,145,Camden,E09000007,A501,PA,Major,A4200,A5202,530000,182765,51.5288408,-0.127309504,0.6,0.4,68,94,1143,74,234,65,6,10,0,2,8,91,1636
56815,E,2013,2013-09-10,10,6,London,E12000007,145,Camden,E09000007,A501,PA,Major,A4200,A5202,530000,182765,51.5288408,-0.127309504,0.6,0.4,49,84,918,62,148,29,7,2,0,3,4,45,1257
56815,W,2013,2013-09-10,11,6,London,E12000007,145,Camden,E09000007,A501,PA,Major,A4200,A5202,530000,182765,51.5288408,-0.127309504,0.6,0.4,123,67,949,67,191,69,7,11,1,7,10,105,1379
56815,W,2013,2013-09-10,10,6,London,E12000007,145,Camden,E09000007,A501,PA,Major,A4200,A5202,530000,182765,51.5288408,-0.127309504,0.6,0.4,164,81,825,62,163,87,7,13,0,5,13,125,1256
56815,W,2013,2013-09-10,7,6,London,E12000007,145,Camden,E09000007,A501,PA,Major,A4200,A5202,530000,182765,51.5288408,-0.127309504,0.6,0.4,178,83,941,90,221,71,11,12,1,5,8,108,1443
56815,W,2013,2013-09-10,14,6,London,E12000007,145,Camden,E09000007,A501,PA,Major,A4200,A5202,530000,182765,51.5288408,-0.127309504,0.6,0.4,38,64,1243,77,227,52,9,11,0,4,6,82,1693
56815,E,2013,2013-09-10,14,6,London,E12000007,145,Camden,E09000007,A501,PA,Major,A4200,A5202,530000,182765,51.5288408,-0.127309504,0.6,0.4,63,69,1185,79,210,49,4,11,0,3,6,73,1616
56815,E,2013,2013-09-10,8,6,London,E12000007,145,Camden,E09000007,A501,PA,Major,A4200,A5202,530000,182765,51.5288408,-0.127309504,0.6,0.4,137,223,964,68,178,61,11,3,1,6,5,87,1520
56815,E,2013,2013-09-10,16,6,London,E12000007,145,Camden,E09000007,A501,PA,Major,A4200,A5202,530000,182765,51.5288408,-0.127309504,0.6,0.4,127,89,1291,74,223,31,2,6,0,1,5,45,1722
56815,E,2013,2013-09-10,17,6,London,E12000007,145,Camden,E09000007,A501,PA,Major,A4200,A5202,530000,182765,51.5288408,-0.127309504,0.6,0.4,313,129,1316,73,185,30,1,4,0,0,4,39,1742
56815,E,2014,2014-09-03,7,6,London,E12000007,145,Camden,E09000007,A501,PA,Major,A4200,A5202,530000,182765,51.5288408,-0.127309504,0.6,0.4,75,131,800,73,281,89,8,12,1,5,1,116,1401
56815,W,2014,2014-09-03,9,6,London,E12000007,145,Camden,E09000007,A501,PA,Major,A4200,A5202,530000,182765,51.5288408,-0.127309504,0.6,0.4,177,113,969,81,288,110,16,12,4,2,3,147,1598
56815,W,2014,2014-09-03,16,6,London,E12000007,145,Camden,E09000007,A501,PA,Major,A4200,A5202,530000,182765,51.5288408,-0.127309504,0.6,0.4,76,110,1010,82,210,54,2,7,2,4,0,69,1481
56815,W,2014,2014-09-03,15,6,London,E12000007,145,Camden,E09000007,A501,PA,Major,A4200,A5202,530000,182765,51.5288408,-0.127309504,0.6,0.4,66,82,985,84,229,53,1,7,4,4,1,70,1450
56815,E,2014,2014-09-03,14,6,London,E12000007,145,Camden,E09000007,A501,PA,Major,A4200,A5202,530000,182765,51.5288408,-0.127309504,0.6,0.4,49,65,905,75,262,72,9,3,4,3,5,96,1403
56815,E,2014,2014-09-03,17,6,London,E12000007,145,Camden,E09000007,A501,PA,Major,A4200,A5202,530000,182765,51.5288408,-0.127309504,0.6,0.4,209,117,1106,95,178,26,1,2,0,2,1,32,1528
56815,E,2014,2014-09-03,8,6,London,E12000007,145,Camden,E09000007,A501,PA,Major,A4200,A5202,530000,182765,51.5288408,-0.127309504,0.6,0.4,147,205,901,74,219,90,14,3,8,2,4,121,1520
56815,W,2014,2014-09-03,14,6,London,E12000007,145,Camden,E09000007,A501,PA,Major,A4200,A5202,530000,182765,51.5288408,-0.127309504,0.6,0.4,50,69,1053,75,242,97,5,10,1,2,7,122,1561
56815,W,2014,2014-09-03,17,6,London,E12000007,145,Camden,E09000007,A501,PA,Major,A4200,A5202,530000,182765,51.5288408,-0.127309504,0.6,0.4,121,168,1115,82,143,30,0,2,0,2,4,38,1546
56815,E,2014,2014-09-03,10,6,London,E12000007,145,Camden,E09000007,A501,PA,Major,A4200,A5202,530000,182765,51.5288408,-0.127309504,0.6,0.4,45,71,832,80,247,90,5,9,9,3,3,119,1349
56815,W,2014,2014-09-03,8,6,London,E12000007,145,Camden,E09000007,A501,PA,Major,A4200,A5202,530000,182765,51.5288408,-0.127309504,0.6,0.4,288,141,951,98,391,132,16,13,6,5,4,176,1757
56815,W,2014,2014-09-03,13,6,London,E12000007,145,Camden,E09000007,A501,PA,Major,A4200,A5202,530000,182765,51.5288408,-0.127309504,0.6,0.4,70,54,969,73,266,85,5,9,0,0,6,105,1467
56815,E,2014,2014-09-03,12,6,London,E12000007,145,Camden,E09000007,A501,PA,Major,A4200,A5202,530000,182765,51.5288408,-0.127309504,0.6,0.4,47,65,925,73,310,98,5,13,1,4,2,123,1496
56815,E,2014,2014-09-03,16,6,London,E12000007,145,Camden,E09000007,A501,PA,Major,A4200,A5202,530000,182765,51.5288408,-0.127309504,0.6,0.4,102,103,1145,81,239,48,0,6,3,2,1,60,1628
56815,W,2014,2014-09-03,10,6,London,E12000007,145,Camden,E09000007,A501,PA,Major,A4200,A5202,530000,182765,51.5288408,-0.127309504,0.6,0.4,71,67,988,82,352,95,8,10,1,1,11,126,1615
56815,E,2014,2014-09-03,11,6,London,E12000007,145,Camden,E09000007,A501,PA,Major,A4200,A5202,530000,182765,51.5288408,-0.127309504,0.6,0.4,40,70,1017,83,306,64,7,5,4,0,5,85,1561
56815,W,2014,2014-09-03,7,6,London,E12000007,145,Camden,E09000007,A501,PA,Major,A4200,A5202,530000,182765,51.5288408,-0.127309504,0.6,0.4,160,112,688,70,261,89,6,4,0,0,2,101,1232
56815,E,2014,2014-09-03,13,6,London,E12000007,145,Camden,E09000007,A501,PA,Major,A4200,A5202,530000,182765,51.5288408,-0.127309504,0.6,0.4,46,57,1064,75,283,66,3,11,2,0,7,89,1568
56815,E,2014,2014-09-03,9,6,London,E12000007,145,Camden,E09000007,A501,PA,Major,A4200,A5202,530000,182765,51.5288408,-0.127309504,0.6,0.4,73,135,1030,93,216,79,9,5,6,4,1,104,1578
56815,E,2014,2014-09-03,15,6,London,E12000007,145,Camden,E09000007,A501,PA,Major,A4200,A5202,530000,182765,51.5288408,-0.127309504,0.6,0.4,65,90,1109,87,304,46,2,9,1,2,3,63,1653
56815,W,2014,2014-09-03,18,6,London,E12000007,145,Camden,E09000007,A501,PA,Major,A4200,A5202,530000,182765,51.5288408,-0.127309504,0.6,0.4,188,208,1222,81,124,31,0,0,2,1,0,34,1669
56815,W,2014,2014-09-03,12,6,London,E12000007,145,Camden,E09000007,A501,PA,Major,A4200,A5202,530000,182765,51.5288408,-0.127309504,0.6,0.4,65,58,1049,70,260,97,4,11,1,3,3,119,1556
56815,W,2014,2014-09-03,11,6,London,E12000007,145,Camden,E09000007,A501,PA,Major,A4200,A5202,530000,182765,51.5288408,-0.127309504,0.6,0.4,47,69,984,79,293,100,7,15,7,3,8,140,1565
56815,E,2014,2014-09-03,18,6,London,E12000007,145,Camden,E09000007,A501,PA,Major,A4200,A5202,530000,182765,51.5288408,-0.127309504,0.6,0.4,249,137,1214,81,142,10,1,4,0,2,2,19,1593
56815,W,2015,2015-04-27,7,6,London,E12000007,145,Camden,E09000007,A501,PA,Major,A4200,A5202,530000,182765,51.5288408,-0.127309504,0.6,0.4,160,132,1182,109,327,46,12,15,4,0,2,79,1829
56815,W,2015,2015-04-27,12,6,London,E12000007,145,Camden,E09000007,A501,PA,Major,A4200,A5202,530000,182765,51.5288408,-0.127309504,0.6,0.4,55,59,881,65,320,69,11,16,0,3,4,103,1428
56815,W,2015,2015-04-27,18,6,London,E12000007,145,Camden,E09000007,A501,PA,Major,A4200,A5202,530000,182765,51.5288408,-0.127309504,0.6,0.4,154,229,1504,104,121,17,3,7,0,2,1,30,1988
56815,E,2015,2015-04-27,9,6,London,E12000007,145,Camden,E09000007,A501,PA,Major,A4200,A5202,530000,182765,51.5288408,-0.127309504,0.6,0.4,66,125,964,100,312,67,7,11,0,3,2,90,1591
56815,E,2015,2015-04-27,12,6,London,E12000007,145,Camden,E09000007,A501,PA,Major,A4200,A5202,530000,182765,51.5288408,-0.127309504,0.6,0.4,10,38,988,65,230,52,6,12,0,2,0,72,1393
56815,E,2015,2015-04-27,10,6,London,E12000007,145,Camden,E09000007,A501,PA,Major,A4200,A5202,530000,182765,51.5288408,-0.127309504,0.6,0.4,12,85,1535,92,187,46,8,22,0,6,5,87,1986
56815,W,2015,2015-04-27,17,6,London,E12000007,145,Camden,E09000007,A501,PA,Major,A4200,A5202,530000,182765,51.5288408,-0.127309504,0.6,0.4,125,199,1074,96,153,19,3,8,1,1,1,33,1555
56815,E,2015,2015-04-27,18,6,London,E12000007,145,Camden,E09000007,A501,PA,Major,A4200,A5202,530000,182765,51.5288408,-0.127309504,0.6,0.4,137,67,1580,99,243,38,2,7,0,3,1,51,2040
56815,W,2015,2015-04-27,13,6,London,E12000007,145,Camden,E09000007,A501,PA,Major,A4200,A5202,530000,182765,51.5288408,-0.127309504,0.6,0.4,49,72,968,63,266,89,5,7,0,2,0,103,1472
56815,W,2015,2015-04-27,11,6,London,E12000007,145,Camden,E09000007,A501,PA,Major,A4200,A5202,530000,182765,51.5288408,-0.127309504,0.6,0.4,40,53,954,70,297,107,6,9,2,4,4,132,1506
56815,E,2015,2015-04-27,16,6,London,E12000007,145,Camden,E09000007,A501,PA,Major,A4200,A5202,530000,182765,51.5288408,-0.127309504,0.6,0.4,42,43,1511,79,421,30,3,10,0,2,2,47,2101
56815,W,2015,2015-04-27,8,6,London,E12000007,145,Camden,E09000007,A501,PA,Major,A4200,A5202,530000,182765,51.5288408,-0.127309504,0.6,0.4,297,136,1164,90,309,67,10,9,3,1,1,91,1790
56815,E,2015,2015-04-27,7,6,London,E12000007,145,Camden,E09000007,A501,PA,Major,A4200,A5202,530000,182765,51.5288408,-0.127309504,0.6,0.4,67,121,880,62,323,71,16,11,0,2,4,104,1490
56815,E,2015,2015-04-27,17,6,London,E12000007,145,Camden,E09000007,A501,PA,Major,A4200,A5202,530000,182765,51.5288408,-0.127309504,0.6,0.4,78,69,1604,90,338,42,6,26,0,1,0,75,2176
56815,E,2015,2015-04-27,14,6,London,E12000007,145,Camden,E09000007,A501,PA,Major,A4200,A5202,530000,182765,51.5288408,-0.127309504,0.6,0.4,24,32,1451,91,221,53,3,16,1,2,2,77,1872
56815,E,2015,2015-04-27,15,6,London,E12000007,145,Camden,E09000007,A501,PA,Major,A4200,A5202,530000,182765,51.5288408,-0.127309504,0.6,0.4,19,56,881,67,183,38,10,13,0,4,0,65,1252
56815,W,2015,2015-04-27,10,6,London,E12000007,145,Camden,E09000007,A501,PA,Major,A4200,A5202,530000,182765,51.5288408,-0.127309504,0.6,0.4,63,69,934,86,317,61,8,8,3,6,6,92,1498
56815,E,2015,2015-04-27,11,6,London,E12000007,145,Camden,E09000007,A501,PA,Major,A4200,A5202,530000,182765,51.5288408,-0.127309504,0.6,0.4,5,63,1579,60,243,58,12,15,2,5,3,95,2040
56815,W,2015,2015-04-27,16,6,London,E12000007,145,Camden,E09000007,A501,PA,Major,A4200,A5202,530000,182765,51.5288408,-0.127309504,0.6,0.4,58,110,1105,96,232,16,5,2,0,4,2,29,1572
56815,E,2015,2015-04-27,13,6,London,E12000007,145,Camden,E09000007,A501,PA,Major,A4200,A5202,530000,182765,51.5288408,-0.127309504,0.6,0.4,27,23,1918,71,260,78,4,14,1,5,2,104,2376
56815,W,2015,2015-04-27,9,6,London,E12000007,145,Camden,E09000007,A501,PA,Major,A4200,A5202,530000,182765,51.5288408,-0.127309504,0.6,0.4,195,97,964,69,264,54,12,8,2,3,2,81,1475
56815,E,2015,2015-04-27,8,6,London,E12000007,145,Camden,E09000007,A501,PA,Major,A4200,A5202,530000,182765,51.5288408,-0.127309504,0.6,0.4,114,158,835,66,300,76,5,10,0,0,1,92,1451
56815,W,2015,2015-04-27,14,6,London,E12000007,145,Camden,E09000007,A501,PA,Major,A4200,A5202,530000,182765,51.5288408,-0.127309504,0.6,0.4,27,60,975,83,317,66,7,3,0,4,0,80,1515
56815,W,2015,2015-04-27,15,6,London,E12000007,145,Camden,E09000007,A501,PA,Major,A4200,A5202,530000,182765,51.5288408,-0.127309504,0.6,0.4,56,70,999,74,266,68,4,12,0,2,1,87,1496
56815,W,2018,2018-07-06,12,6,London,E12000007,145,Camden,E09000007,A501,PA,Major,A4200,A5202,530000,182765,51.5288408,-0.127309504,0.6,0.4,41,73,950,79,239,45,4,9,0,1,3,62,1403
56815,E,2018,2018-07-06,8,6,London,E12000007,145,Camden,E09000007,A501,PA,Major,A4200,A5202,530000,182765,51.5288408,-0.127309504,0.6,0.4,249,146,928,63,311,112,13,8,2,1,3,139,1587
56815,W,2018,2018-07-06,17,6,London,E12000007,145,Camden,E09000007,A501,PA,Major,A4200,A5202,530000,182765,51.5288408,-0.127309504,0.6,0.4,108,195,1212,68,160,30,2,1,1,2,1,37,1672
56815,W,2018,2018-07-06,18,6,London,E12000007,145,Camden,E09000007,A501,PA,Major,A4200,A5202,530000,182765,51.5288408,-0.127309504,0.6,0.4,203,131,1258,83,115,24,1,1,1,0,2,29,1616
56815,E,2018,2018-07-06,9,6,London,E12000007,145,Camden,E09000007,A501,PA,Major,A4200,A5202,530000,182765,51.5288408,-0.127309504,0.6,0.4,158,105,911,97,269,109,5,8,3,1,0,126,1508
56815,W,2018,2018-07-06,13,6,London,E12000007,145,Camden,E09000007,A501,PA,Major,A4200,A5202,530000,182765,51.5288408,-0.127309504,0.6,0.4,44,68,905,64,198,33,2,8,1,3,1,48,1283
56815,W,2018,2018-07-06,7,6,London,E12000007,145,Camden,E09000007,A501,PA,Major,A4200,A5202,530000,182765,51.5288408,-0.127309504,0.6,0.4,68,123,949,84,435,50,10,11,6,3,2,82,1673
56815,W,2018,2018-07-06,8,6,London,E12000007,145,Camden,E09000007,A501,PA,Major,A4200,A5202,530000,182765,51.5288408,-0.127309504,0.6,0.4,133,81,1025,94,379,60,13,15,4,1,4,97,1676
56815,W,2018,2018-07-06,9,6,London,E12000007,145,Camden,E09000007,A501,PA,Major,A4200,A5202,530000,182765,51.5288408,-0.127309504,0.6,0.4,84,86,1089,90,390,61,8,10,3,6,1,89,1744
56815,W,2018,2018-07-06,11,6,London,E12000007,145,Camden,E09000007,A501,PA,Major,A4200,A5202,530000,182765,51.5288408,-0.127309504,0.6,0.4,43,65,973,84,273,46,11,13,1,3,2,76,1471
56815,E,2018,2018-07-06,16,6,London,E12000007,145,Camden,E09000007,A501,PA,Major,A4200,A5202,530000,182765,51.5288408,-0.127309504,0.6,0.4,62,103,1015,86,230,55,1,3,0,2,0,61,1495
56815,E,2018,2018-07-06,10,6,London,E12000007,145,Camden,E09000007,A501,PA,Major,A4200,A5202,530000,182765,51.5288408,-0.127309504,0.6,0.4,69,82,993,93,259,97,12,16,3,4,0,132,1559
56815,E,2018,2018-07-06,18,6,London,E12000007,145,Camden,E09000007,A501,PA,Major,A4200,A5202,530000,182765,51.5288408,-0.127309504,0.6,0.4,130,144,1201,84,149,52,1,3,0,1,1,58,1636
56815,E,2018,2018-07-06,11,6,London,E12000007,145,Camden,E09000007,A501,PA,Major,A4200,A5202,530000,182765,51.5288408,-0.127309504,0.6,0.4,66,60,869,61,301,92,12,14,1,4,3,126,1417
56815,W,2018,2018-07-06,15,6,London,E12000007,145,Camden,E09000007,A501,PA,Major,A4200,A5202,530000,182765,51.5288408,-0.127309504,0.6,0.4,55,105,1013,84,194,40,2,4,3,4,1,54,1450
56815,E,2018,2018-07-06,13,6,London,E12000007,145,Camden,E09000007,A501,PA,Major,A4200,A5202,530000,182765,51.5288408,-0.127309504,0.6,0.4,55,50,1097,73,266,85,3,17,1,3,1,110,1596
56815,W,2018,2018-07-06,16,6,London,E12000007,145,Camden,E09000007,A501,PA,Major,A4200,A5202,530000,182765,51.5288408,-0.127309504,0.6,0.4,97,112,1119,77,206,32,3,3,0,0,0,38,1552
56815,W,2018,2018-07-06,10,6,London,E12000007,145,Camden,E09000007,A501,PA,Major,A4200,A5202,530000,182765,51.5288408,-0.127309504,0.6,0.4,41,58,956,85,327,56,5,13,6,2,2,84,1510
56815,E,2018,2018-07-06,14,6,London,E12000007,145,Camden,E09000007,A501,PA,Major,A4200,A5202,530000,182765,51.5288408,-0.127309504,0.6,0.4,69,61,1006,78,253,57,4,12,0,2,1,76,1474
56815,E,2018,2018-07-06,15,6,London,E12000007,145,Camden,E09000007,A501,PA,Major,A4200,A5202,530000,182765,51.5288408,-0.127309504,0.6,0.4,71,104,1172,71,232,59,2,15,2,0,0,78,1657
56815,E,2018,2018-07-06,7,6,London,E12000007,145,Camden,E09000007,A501,PA,Major,A4200,A5202,530000,182765,51.5288408,-0.127309504,0.6,0.4,136,119,899,69,390,79,9,12,1,2,4,107,1584
56815,E,2018,2018-07-06,17,6,London,E12000007,145,Camden,E09000007,A501,PA,Major,A4200,A5202,530000,182765,51.5288408,-0.127309504,0.6,0.4,135,132,1107,82,221,42,0,5,1,6,1,55,1597
56815,E,2018,2018-07-06,12,6,London,E12000007,145,Camden,E09000007,A501,PA,Major,A4200,A5202,530000,182765,51.5288408,-0.127309504,0.6,0.4,58,64,983,80,247,89,7,8,2,3,0,109,1483
56815,W,2018,2018-07-06,14,6,London,E12000007,145,Camden,E09000007,A501,PA,Major,A4200,A5202,530000,182765,51.5288408,-0.127309504,0.6,0.4,48,64,922,76,203,39,5,9,1,3,1,58,1323
56815,E,2020,2020-04-29,8,6,London,E12000007,145,Camden,E09000007,A501,PA,Major,A4200,A5202,530000,182765,51.5288408,-0.127309504,0.6,0.4,31,25,542,31,219,47,2,18,4,2,2,75,892
56815,E,2020,2020-04-29,15,6,London,E12000007,145,Camden,E09000007,A501,PA,Major,A4200,A5202,530000,182765,51.5288408,-0.127309504,0.6,0.4,23,61,605,32,220,16,2,13,0,0,2,33,951
56815,W,2020,2020-04-29,9,6,London,E12000007,145,Camden,E09000007,A501,PA,Major,A4200,A5202,530000,182765,51.5288408,-0.127309504,0.6,0.4,31,24,445,42,211,46,5,20,0,1,0,72,794
56815,W,2020,2020-04-29,15,6,London,E12000007,145,Camden,E09000007,A501,PA,Major,A4200,A5202,530000,182765,51.5288408,-0.127309504,0.6,0.4,19,66,569,32,176,15,1,4,2,0,0,22,865
56815,E,2020,2020-04-29,16,6,London,E12000007,145,Camden,E09000007,A501,PA,Major,A4200,A5202,530000,182765,51.5288408,-0.127309504,0.6,0.4,48,79,731,32,182,17,0,11,0,0,1,29,1053
56815,W,2020,2020-04-29,10,6,London,E12000007,145,Camden,E09000007,A501,PA,Major,A4200,A5202,530000,182765,51.5288408,-0.127309504,0.6,0.4,28,27,403,32,201,47,8,22,2,2,2,83,746
56815,E,2020,2020-04-29,11,6,London,E12000007,145,Camden,E09000007,A501,PA,Major,A4200,A5202,530000,182765,51.5288408,-0.127309504,0.6,0.4,29,33,388,32,201,33,1,22,0,0,7,63,717
56815,E,2020,2020-04-29,17,6,London,E12000007,145,Camden,E09000007,A501,PA,Major,A4200,A5202,530000,182765,51.5288408,-0.127309504,0.6,0.4,64,64,796,30,134,8,0,2,0,2,3,15,1039
56815,W,2020,2020-04-29,14,6,London,E12000007,145,Camden,E09000007,A501,PA,Major,A4200,A5202,530000,182765,51.5288408,-0.127309504,0.6,0.4,21,54,507,30,175,20,2,10,1,0,4,37,803
56815,W,2020,2020-04-29,11,6,London,E12000007,145,Camden,E09000007,A501,PA,Major,A4200,A5202,530000,182765,51.5288408,-0.127309504,0.6,0.4,36,40,434,33,213,50,5,12,0,1,5,73,793
56815,W,2020,2020-04-29,12,6,London,E12000007,145,Camden,E09000007,A501,PA,Major,A4200,A5202,530000,182765,51.5288408,-0.127309504,0.6,0.4,35,53,444,33,181,30,1,17,1,0,3,52,763
56815,W,2020,2020-04-29,18,6,London,E12000007,145,Camden,E09000007,A501,PA,Major,A4200,A5202,530000,182765,51.5288408,-0.127309504,0.6,0.4,55,75,668,31,66,11,1,1,0,1,1,15,855
56815,E,2020,2020-04-29,13,6,London,E12000007,145,Camden,E09000007,A501,PA,Major,A4200,A5202,530000,182765,51.5288408,-0.127309504,0.6,0.4,25,51,463,30,205,29,5,7,0,0,4,45,794
56815,W,2020,2020-04-29,17,6,London,E12000007,145,Camden,E09000007,A501,PA,Major,A4200,A5202,530000,182765,51.5288408,-0.127309504,0.6,0.4,52,83,704,32,133,10,0,2,1,0,0,13,965
56815,E,2020,2020-04-29,12,6,London,E12000007,145,Camden,E09000007,A501,PA,Major,A4200,A5202,530000,182765,51.5288408,-0.127309504,0.6,0.4,36,41,433,29,208,40,4,16,0,1,3,64,775
56815,E,2020,2020-04-29,18,6,London,E12000007,145,Camden,E09000007,A501,PA,Major,A4200,A5202,530000,182765,51.5288408,-0.127309504,0.6,0.4,65,75,730,34,71,13,0,0,1,1,1,16,926
56815,E,2020,2020-04-29,14,6,London,E12000007,145,Camden,E09000007,A501,PA,Major,A4200,A5202,530000,182765,51.5288408,-0.127309504,0.6,0.4,18,46,500,29,184,25,0,11,2,0,3,41,800
56815,E,2020,2020-04-29,10,6,London,E12000007,145,Camden,E09000007,A501,PA,Major,A4200,A5202,530000,182765,51.5288408,-0.127309504,0.6,0.4,13,31,413,32,225,61,5,9,3,2,5,85,786
56815,W,2020,2020-04-29,7,6,London,E12000007,145,Camden,E09000007,A501,PA,Major,A4200,A5202,530000,182765,51.5288408,-0.127309504,0.6,0.4,59,35,816,34,301,35,5,15,1,0,5,61,1247
56815,W,2020,2020-04-29,16,6,London,E12000007,145,Camden,E09000007,A501,PA,Major,A4200,A5202,530000,182765,51.5288408,-0.127309504,0.6,0.4,37,66,698,30,182,21,5,5,0,0,3,34,1010
56815,E,2020,2020-04-29,9,6,London,E12000007,145,Camden,E09000007,A501,PA,Major,A4200,A5202,530000,182765,51.5288408,-0.127309504,0.6,0.4,31,36,457,35,177,48,9,21,4,1,2,85,790
56815,W,2020,2020-04-29,8,6,London,E12000007,145,Camden,E09000007,A501,PA,Major,A4200,A5202,530000,182765,51.5288408,-0.127309504,0.6,0.4,51,31,647,31,260,53,3,10,1,0,2,69,1038
56815,W,2020,2020-04-29,13,6,London,E12000007,145,Camden,E09000007,A501,PA,Major,A4200,A5202,530000,182765,51.5288408,-0.127309504,0.6,0.4,23,59,467,31,178,35,1,10,1,0,3,50,785
56815,E,2020,2020-04-29,7,6,London,E12000007,145,Camden,E09000007,A501,PA,Major,A4200,A5202,530000,182765,51.5288408,-0.127309504,0.6,0.4,19,50,571,29,247,32,9,15,4,1,3,64,961
56815,W,2022,2022-06-27,11,6,London,E12000007,145,Camden,E09000007,A501,PA,Major,A4200,A5202,530000,182765,51.5288408,-0.127309504,0.6,0.4,84,55,923,50,282,65,6,7,0,4,3,85,1395
56815,E,2022,2022-06-27,16,6,London,E12000007,145,Camden,E09000007,A501,PA,Major,A4200,A5202,530000,182765,51.5288408,-0.127309504,0.6,0.4,135,83,634,45,102,17,1,8,1,0,0,27,891
56815,W,2022,2022-06-27,18,6,London,E12000007,145,Camden,E09000007,A501,PA,Major,A4200,A5202,530000,182765,51.5288408,-0.127309504,0.6,0.4,135,127,1042,38,93,18,0,2,0,1,1,22,1322
56815,E,2022,2022-06-27,10,6,London,E12000007,145,Camden,E09000007,A501,PA,Major,A4200,A5202,530000,182765,51.5288408,-0.127309504,0.6,0.4,59,44,536,53,97,42,7,5,3,1,3,61,791
56815,E,2022,2022-06-27,7,6,London,E12000007,145,Camden,E09000007,A501,PA,Major,A4200,A5202,530000,182765,51.5288408,-0.127309504,0.6,0.4,90,76,433,43,144,47,5,5,7,3,4,71,767
56815,W,2022,2022-06-27,7,6,London,E12000007,145,Camden,E09000007,A501,PA,Major,A4200,A5202,530000,182765,51.5288408,-0.127309504,0.6,0.4,163,118,810,46,362,70,6,15,8,0,5,104,1440
56815,W,2022,2022-06-27,17,6,London,E12000007,145,Camden,E09000007,A501,PA,Major,A4200,A5202,530000,182765,51.5288408,-0.127309504,0.6,0.4,106,127,1059,52,138,22,2,6,1,1,0,32,1408
56815,W,2022,2022-06-27,15,6,London,E12000007,145,Camden,E09000007,A501,PA,Major,A4200,A5202,530000,182765,51.5288408,-0.127309504,0.6,0.4,32,53,906,48,197,46,1,8,0,1,1,57,1261
56815,W,2022,2022-06-27,10,6,London,E12000007,145,Camden,E09000007,A501,PA,Major,A4200,A5202,530000,182765,51.5288408,-0.127309504,0.6,0.4,82,48,955,42,274,86,4,9,2,3,2,106,1425
56815,E,2022,2022-06-27,15,6,London,E12000007,145,Camden,E09000007,A501,PA,Major,A4200,A5202,530000,182765,51.5288408,-0.127309504,0.6,0.4,87,55,571,44,87,41,0,5,1,1,2,50,807
56815,W,2022,2022-06-27,8,6,London,E12000007,145,Camden,E09000007,A501,PA,Major,A4200,A5202,530000,182765,51.5288408,-0.127309504,0.6,0.4,229,81,795,40,334,71,11,13,1,2,4,102,1352
56815,W,2022,2022-06-27,16,6,London,E12000007,145,Camden,E09000007,A501,PA,Major,A4200,A5202,530000,182765,51.5288408,-0.127309504,0.6,0.4,76,94,907,41,176,44,3,7,1,0,1,56,1274
56815,W,2022,2022-06-27,9,6,London,E12000007,145,Camden,E09000007,A501,PA,Major,A4200,A5202,530000,182765,51.5288408,-0.127309504,0.6,0.4,135,53,874,50,280,74,7,14,1,1,1,98,1355
56815,E,2022,2022-06-27,11,6,London,E12000007,145,Camden,E09000007,A501,PA,Major,A4200,A5202,530000,182765,51.5288408,-0.127309504,0.6,0.4,57,42,580,37,124,35,2,2,5,2,0,46,829
56815,E,2022,2022-06-27,8,6,London,E12000007,145,Camden,E09000007,A501,PA,Major,A4200,A5202,530000,182765,51.5288408,-0.127309504,0.6,0.4,135,73,509,41,137,38,5,4,2,0,0,49,809
56815,E,2022,2022-06-27,18,6,London,E12000007,145,Camden,E09000007,A501,PA,Major,A4200,A5202,530000,182765,51.5288408,-0.127309504,0.6,0.4,245,83,626,37,75,11,0,4,0,1,0,16,837
56815,W,2022,2022-06-27,12,6,London,E12000007,145,Camden,E09000007,A501,PA,Major,A4200,A5202,530000,182765,51.5288408,-0.127309504,0.6,0.4,78,58,871,40,199,59,1,6,1,0,2,69,1237
56815,E,2022,2022-06-27,17,6,London,E12000007,145,Camden,E09000007,A501,PA,Major,A4200,A5202,530000,182765,51.5288408,-0.127309504,0.6,0.4,226,95,639,40,75,11,1,6,0,1,1,20,869
56815,E,2022,2022-06-27,14,6,London,E12000007,145,Camden,E09000007,A501,PA,Major,A4200,A5202,530000,182765,51.5288408,-0.127309504,0.6,0.4,81,58,588,43,95,27,1,14,1,2,0,45,829
56815,W,2022,2022-06-27,13,6,London,E12000007,145,Camden,E09000007,A501,PA,Major,A4200,A5202,530000,182765,51.5288408,-0.127309504,0.6,0.4,68,71,893,44,238,54,3,8,1,1,3,70,1316
56815,E,2022,2022-06-27,13,6,London,E12000007,145,Camden,E09000007,A501,PA,Major,A4200,A5202,530000,182765,51.5288408,-0.127309504,0.6,0.4,80,63,614,41,96,23,1,9,1,1,3,38,852
56815,E,2022,2022-06-27,12,6,London,E12000007,145,Camden,E09000007,A501,PA,Major,A4200,A5202,530000,182765,51.5288408,-0.127309504,0.6,0.4,63,37,590,44,116,39,2,7,3,1,1,53,840
56815,W,2022,2022-06-27,14,6,London,E12000007,145,Camden,E09000007,A501,PA,Major,A4200,A5202,530000,182765,51.5288408,-0.127309504,0.6,0.4,60,63,971,39,238,47,1,9,2,1,3,63,1374
56815,E,2022,2022-06-27,9,6,London,E12000007,145,Camden,E09000007,A501,PA,Major,A4200,A5202,530000,182765,51.5288408,-0.127309504,0.6,0.4,97,58,519,37,122,45,5,1,4,2,1,58,794
56815,E,2024,2024-07-16,10,6,London,E12000007,145,Camden,E09000007,A501,PA,Major,A4200,A5202,530000,182765,51.5288408,-0.127309504,0.6,0.4,45,43,661,46,198,23,2,6,0,1,6,38,986
56815,W,2024,2024-07-16,15,6,London,E12000007,145,Camden,E09000007,A501,PA,Major,A4200,A5202,530000,182765,51.5288408,-0.127309504,0.6,0.4,65,64,833,50,198,12,3,6,0,1,2,24,1169
56815,W,2024,2024-07-16,10,6,London,E12000007,145,Camden,E09000007,A501,PA,Major,A4200,A5202,530000,182765,51.5288408,-0.127309504,0.6,0.4,55,31,659,46,197,19,3,6,1,0,8,37,970
56815,E,2024,2024-07-16,13,6,London,E12000007,145,Camden,E09000007,A501,PA,Major,A4200,A5202,530000,182765,51.5288408,-0.127309504,0.6,0.4,53,52,739,48,217,20,7,4,3,2,3,39,1095
56815,W,2024,2024-07-16,7,6,London,E12000007,145,Camden,E09000007,A501,PA,Major,A4200,A5202,530000,182765,51.5288408,-0.127309504,0.6,0.4,124,50,540,44,243,25,11,4,0,4,2,46,923
56815,W,2024,2024-07-16,16,6,London,E12000007,145,Camden,E09000007,A501,PA,Major,A4200,A5202,530000,182765,51.5288408,-0.127309504,0.6,0.4,56,73,931,45,178,8,3,10,1,0,2,24,1251
56815,E,2024,2024-07-16,11,6,London,E12000007,145,Camden,E09000007,A501,PA,Major,A4200,A5202,530000,182765,51.5288408,-0.127309504,0.6,0.4,36,46,666,52,220,17,2,9,1,0,10,39,1023
56815,W,2024,2024-07-16,13,6,London,E12000007,145,Camden,E09000007,A501,PA,Major,A4200,A5202,530000,182765,51.5288408,-0.127309504,0.6,0.4,45,45,823,53,228,21,6,17,2,1,5,52,1201
56815,E,2024,2024-07-16,17,6,London,E12000007,145,Camden,E09000007,A501,PA,Major,A4200,A5202,530000,182765,51.5288408,-0.127309504,0.6,0.4,147,92,839,39,122,6,1,4,0,0,1,12,1104
56815,E,2024,2024-07-16,9,6,London,E12000007,145,Camden,E09000007,A501,PA,Major,A4200,A5202,530000,182765,51.5288408,-0.127309504,0.6,0.4,72,53,641,45,196,33,7,6,6,0,3,55,990
56815,W,2024,2024-07-16,9,6,London,E12000007,145,Camden,E09000007,A501,PA,Major,A4200,A5202,530000,182765,51.5288408,-0.127309504,0.6,0.4,98,42,630,48,197,27,6,14,1,0,10,58,975
56815,W,2024,2024-07-16,12,6,London,E12000007,145,Camden,E09000007,A501,PA,Major,A4200,A5202,530000,182765,51.5288408,-0.127309504,0.6,0.4,66,40,862,44,229,26,2,16,1,1,3,49,1224
56815,E,2024,2024-07-16,14,6,London,E12000007,145,Camden,E09000007,A501,PA,Major,A4200,A5202,530000,182765,51.5288408,-0.127309504,0.6,0.4,62,63,702,49,219,20,2,14,1,0,5,42,1075
56815,W,2024,2024-07-16,11,6,London,E12000007,145,Camden,E09000007,A501,PA,Major,A4200,A5202,530000,182765,51.5288408,-0.127309504,0.6,0.4,41,31,624,54,165,15,5,16,0,1,3,40,914
56815,E,2024,2024-07-16,7,6,London,E12000007,145,Camden,E09000007,A501,PA,Major,A4200,A5202,530000,182765,51.5288408,-0.127309504,0.6,0.4,43,54,522,37,236,20,3,7,2,1,2,35,884
56815,E,2024,2024-07-16,16,6,London,E12000007,145,Camden,E09000007,A501,PA,Major,A4200,A5202,530000,182765,51.5288408,-0.127309504,0.6,0.4,75,76,799,48,173,14,1,2,0,0,2,19,1115
56815,W,2024,2024-07-16,18,6,London,E12000007,145,Camden,E09000007,A501,PA,Major,A4200,A5202,530000,182765,51.5288408,-0.127309504,0.6,0.4,124,95,1102,44,86,9,1,0,0,0,0,10,1337
56815,W,2024,2024-07-16,17,6,London,E12000007,145,Camden,E09000007,A501,PA,Major,A4200,A5202,530000,182765,51.5288408,-0.127309504,0.6,0.4,103,102,992,49,147,14,0,1,1,0,2,18,1308
56815,W,2024,2024-07-16,8,6,London,E12000007,145,Camden,E09000007,A501,PA,Major,A4200,A5202,530000,182765,51.5288408,-0.127309504,0.6,0.4,146,61,606,34,228,27,8,15,3,1,6,60,989
56815,W,2024,2024-07-16,14,6,London,E12000007,145,Camden,E09000007,A501,PA,Major,A4200,A5202,530000,182765,51.5288408,-0.127309504,0.6,0.4,41,80,886,50,235,10,3,13,0,1,3,30,1281
56815,E,2024,2024-07-16,12,6,London,E12000007,145,Camden,E09000007,A501,PA,Major,A4200,A5202,530000,182765,51.5288408,-0.127309504,0.6,0.4,51,54,676,49,204,23,3,15,0,2,1,44,1027
56815,E,2024,2024-07-16,8,6,London,E12000007,145,Camden,E09000007,A501,PA,Major,A4200,A5202,530000,182765,51.5288408,-0.127309504,0.6,0.4,93,86,594,47,227,24,3,11,0,0,4,42,996
56815,E,2024,2024-07-16,18,6,London,E12000007,145,Camden,E09000007,A501,PA,Major,A4200,A5202,530000,182765,51.5288408,-0.127309504,0.6,0.4,164,73,893,46,100,8,2,1,1,0,0,12,1124
56815,E,2024,2024-07-16,15,6,London,E12000007,145,Camden,E09000007,A501,PA,Major,A4200,A5202,530000,182765,51.5288408,-0.127309504,0.6,0.4,49,65,721,46,200,12,2,6,4,1,1,26,1058
